<?xml version="1.0" encoding="utf-8" standalone="no"?>
<manifest identifier="00" version="1" xmlns:adlcp="http://www.adlnet.org/xsd/adlcp_rootv1p2" xmlns="http://www.imsproject.org/xsd/imscp_rootv1p1p2" xmlns:xsi="http://www.w3.org/2001/XMLSchema-instance" xsi:schemaLocation="http://www.imsproject.org/xsd/imscp_rootv1p1p2 imscp_rootv1p1p2.xsd http://www.imsglobal.org/xsd/imsmd_rootv1p2p1 imsmd_rootv1p2p1.xsd http://www.adlnet.org/xsd/adlcp_rootv1p2 adlcp_rootv1p2.xsd">
  <metadata>
    <schema>ADL SCORM</schema>
    <schemaversion>1.2</schemaversion>
    <adlcp:location>metadata.xml</adlcp:location>
  </metadata>
  <organizations default="Cristina_Diana_Ene">
    <organization identifier="Cristina_Diana_Ene">
      <title>Consignes pour exercices</title>
      <item identifier="item_00" identifierref="resource_00">
        <title>Consignes pour exercices</title>
        <adlcp:masteryscore>70</adlcp:masteryscore>
        <metadata>
          <schema>ADL SCORM</schema>
          <schemaversion>1.2</schemaversion>
          <adlcp:location>metadata.xml</adlcp:location>
        </metadata>
      </item>
      <metadata>
        <schema>ADL SCORM</schema>
        <schemaversion>1.2</schemaversion>
        <adlcp:location>metadata.xml</adlcp:location>
      </metadata>
    </organization>
  </organizations>
  <resources>
    <metadata>
      <schema>ADL SCORM</schema>
      <schemaversion>1.2</schemaversion>
      <adlcp:location>metadata.xml</adlcp:location>
    </metadata>
    <resource identifier="resource_00" type="webcontent" href="index.html" adlcp:scormtype="sco">
      <metadata>
        <schema>ADL SCORM</schema>
        <schemaversion>1.2</schemaversion>
        <adlcp:location>metadata.xml</adlcp:location>
      </metadata>
      <file href="SCORM_API_wrapper.js"/>
      <file href="h5p-adaptor.js"/>
      <file href="images/file-4asfzHyErvR3XltF-wOx6yciZ.png"/>
      <file href="images/file-Kz-bRuUi6DjvB2Pl-L2sfwLpY.png"/>
      <file href="images/file-W9oAA7wsMEEzaN48-JnTHivwF.png"/>
      <file href="images/file-XQDa9fa413K3YlX6-eRPAyld6.png"/>
      <file href="images/file-bn8PFMcJm-vt0-aJ-FfKul12T.png"/>
      <file href="images/file-k45CoO93.png"/>
      <file href="images/file-lse0Z1M935fn-pq3-2RDBLTYN.png"/>
      <file href="images/file-mmwa98n6llRzKh8Q-i9EYOV0Y.png"/>
      <file href="images/file-nINpe4C03E-gfR49-pNdEEXSx.png"/>
      <file href="images/file-utQxsYEaEKbd4XRM-1tsiv8bL.png"/>
      <file href="index.html"/>
    </resource>
  </resources>
</manifest>